Brand,Model,Size,Smart,Seller,Price
Next,YE-40020D2,40,0,DALOGLUDİGİTAL,2702.0
Navigold,NG-1930,19,0,naviprime,1377.5
TCL,55C728,55,1,Comfor,14399.04
Vestel,32FA9500,32,1,OrhanMob-Vestel-YOB,3087.04
Woon,WN49DAL08/0202,49,0,DijiSepet,4052.04
Philips,32PFS6805/62,32,1,BulpaAS,3823.33
LG,NanoCell,50,1,ELECTROPLUS,10389.99
Philips,43PUS7805/62,43,1,MyElektronik2021,5899.0
Samsung,UE32T5300,32,1,EPATeknoloji,4052.04
Samsung,UE65AU7000,65,1,EPATeknoloji,13316.04
LG,NanoCell,50,1,EGEMTEKNOLOJİAVM,10421.9
Philips,55PUS7805/62,55,1,MGSHALI,9456.04
Sony,KD-65X81J,65,1,dogubankbilisim,15695.04
Sunny,SN39DAL13/0216,39,1,enucuzunadresi,3045.54
Vestel,65U9600,65,1,Simport-Vestel-YOB,9023.8
Nordmende,NM32100,32,0,DijiSepet,2189.59
Toshiba,65UL2063DT,65,1,TVSHOOP,9640.35
Regal,32R604H,32,0,BUHARASANAL,2459.79
Vestel,50U9600,50,1,Simport-Vestel-YOB,7130.39
Samsung,QE49LS01T,49,1,TRUVAPLAYSTATION,13798.54
Telenova,75S4K8001/20,75,1,11pro,11750.3
Telenova,85S4K8001,85,1,11pro,23999.0
Saba,SB43250,43,1,arslangroup,3821.99
LG,OLED55A16LA,55,1,Tekno11,15632.04
Regal,42R654FC,42,1,BUHARASANAL,4148.54
Philips,43PFS5505/62,43,0,tvmarketim,4600.16
Samsung,UE70AU7100,70,1,EPATeknoloji,14474.04
Axen,AX50LEDJ405,50,1,fırsatdiyarım,5349.0
Dijitsu,43DS7700,43,1,teknolojist,3792.45
Onvo,OV43250,43,1,mustafahira,3665.63
Samsung,UE43AU8000,43,1,EPATeknoloji,7399.0
Vestel,65U9600,65,1,GizemDtm-VestelYOB,11579.04
Saba,SB42250,42,1,arslangroup,3576.99
TCL,55P725,55,1,Comfor,10699.0
Vestel,55UA9600,55,1,Simport-Vestel-YOB,7165.37
Samsung,QE65LS03A,65,1,TURKUAZANKARA,18740.3
Samsung,QE55QN90,55,1,next-time,19203.5
TCL,55P615,55,1,EPATeknoloji,7767.29
TCL,65C728,65,1,Comfor,17499.0
Samsung,UE32T5300,32,1,doguhan,4149.0
Nordmende,NM32F151,32,1,en-trend,2634.24
Dijitsu,43D7000,43,0,teknolojist,3458.0
Telenova,43NSK9001,43,1,11pro,4213.02
TCL,32S65A,32,1,EPATeknoloji,2942.29
Onvo,OV32150,32,1,incehesap,2421.55
Samsung,UE50AU7000,50,1,doguhan,8877.04
Next,YE-32020KT,32,0,DALOGLUDİGİTAL,2150.0
Sunny,SN32DAL13-TNR,32,1,SendeKaldı,2402.85
Sunny,SN43DAL13-TNR,43,1,SendeKaldı,3878.34
Next,YE-40020,40,0,ZumaTeknoloji,2702.0
Samsung,UE50AU7000,50,1,Avrupa,9833.35
Samsung,UE55AU8000,55,1,TURKUAZANKARA,11580.0
Dijitsu,32DS8800,32,1,mevlanadiyarı,2600.0
LG,32LM6370PLA,32,1,meletelektronik,4990.0
Onvo,OV43250,43,1,aymetdtm,3666.04
LG,50NANO816PA,50,1,doguhan,10903.54
Jvc,LT-55VA3005T,55,0,SarfBilişim(artsrf),7249.0
Philips,50PUS7506,50,1,aymetdtm,8394.54
Samsung,UE70AU8000,70,1,dogubankbilisim,16693.54
Skytech,SST-3250C,32,0,dogubankbilisim,2399.04
LG,86NANO866PA,86,1,dogubankbilisim,37999.0
Samsung,UE55AU8000,55,1,dogubankbilisim,11289.54
Samsung,QE55Q60A,55,1,dogubankbilisim,12544.04
Samsung,UE55AU9000,55,1,dogubankbilisim,13123.04
Samsung,UE60AU8000,60,1,dogubankbilisim,13219.54
Samsung,UE58TU7000,58,1,dogubankbilisim,13999.0
Sony,KD-75X81J,75,1,dogubankbilisim,22399.0
Vestel,65U9500,65,1,OrhanMob-Vestel-YOB,9796.03
LG,24MN49HM-PZ,24,0,Saraticaret21,1790.08
Sunny,SN32DAL04,32,0,DursunbeyliTurhanlar,2363.29
Philips,58PUS8506,58,1,aymetdtm,13026.54
Vestel,32H8501,32,0,Simport-Vestel-YOB,2701.04
Vestel,50U9600,50,1,Has-Vestel-YOB,7719.04
Vestel,43F8600,43,0,Has-Vestel-YOB,4634.0
Samsung,QE55LS03A,55,1,next-time,15859.0
Sunny,SN43DAL13-TNR,43,1,ceyizade,3919.0
Profilo,40PA335E,40,1,Beyazeşyamağazası,4149.0
Telenova,32P4001/20,32,0,11pro,2351.02
Vestel,24H8510,24,0,Şentürk-Vestel-YOB,2377.0
Vestel,55UA9600,55,1,OrhanMob-Vestel-YOB,7104.02
Vestel,22F8510,22,0,Simport-Vestel-YOB,2276.44
Nordmende,NM32150,32,1,DijiSepet,2604.54
Nordmende,NM43250,43,1,DijiSepet,3667.0
Techwood,65TWS218,65,1,VSOutlet,8649.0
Vestel,22F8510B,22,0,Şentürk-Vestel-YOB,2506.11
TCL,55C725,55,1,Nethouse,12634.05
Samsung,UE55TU7000,55,1,BULDUGUNUAL,10614.04
Regal,55R754UA9,55,1,RegalKurumsalMağaza,7429.54
Samsung,QE75LS03A,75,1,TURKUAZANKARA,27406.0
Digipoll,"42""",42,1,EgeizoYapı,3649.0
Vestel,50U9500,50,1,Simport-Vestel-YOB,7236.54
Awox,U3900STR,39,0,D108,2510.93
TCL,50P615,50,1,EPATeknoloji,7236.54
Nexon,24NXN,24,0,Orhanmağazaları,1861.02
Vestel,50UA9600,50,1,Şentürk-Vestel-YOB,7837.06
Samsung,QE55Q80A,55,1,Avrupa,14999.0
Samsung,QE50Q60A,50,1,TURKUAZANKARA,11290.5
Vestel,55UA9600,55,1,GizemDtm-VestelYOB,7439.0
Next,YE-65020FS2-4K,65,1,SaraçoğluTicvePaz,9176.0
Vestel,43F8500,43,0,Şentürk-Vestel-YOB,5208.11
Samsung,QE55Q60T,55,1,BULDUGUNUAL,12445.02
LG,50UP75006LF,50,1,BulpaAS,9445.0
Samsung,UE55AU7000,55,1,TURKUAZANKARA,11290.5
Regal,32R654HC,32,1,BUHARASANAL,2797.54
Onvo,OV55F350,55,1,incehesap,6155.74
Samsung,QE55Q70A,55,1,next-time,14571.5
Vestel,50UA9600,50,1,OrhanMob-Vestel-YOB,6859.02
Samsung,QE55QN90,55,1,Avrupa,17999.0
Samsung,QE65Q70A,65,1,TURKUAZANKARA,18817.5
Altus,AL50,50,1,enucuzunadresi,5441.64
Axen,AX32DAB13,32,1,kolaysepet,2476.79
Samsung,UE65AU7000,65,1,Avrupa,14582.4
Next,YE-32020KT,32,0,SaraçoğluTicvePaz,2199.0
Axen,AX32DAB13,32,1,KILIÇLIOGLULTDŞTİ,2597.0
Vestel,43UA9800,43,1,OrhanMob-Vestel-YOB,6271.02
Vestel,43U9500,43,1,OrhanMob-Vestel-YOB,4920.54
Samsung,QE50Q60T,50,1,ŞEVVALTİCARETT,10200.0
Samsung,QE65Q60A,65,1,TURKUAZANKARA,17280.0
Vestel,32H9510,32,1,OrhanMob-Vestel-YOB,3135.29
Nordmende,NM55350,55,1,Vorteil,6099.0
Sony,KE-65XH9005,65,1,Hepsisony,19202.54
TCL,55C725,55,1,incehesap,13074.79
Regal,55R754UA9,55,1,MakroReyon,7236.54
Samsung,QE65Q70A,65,1,TEKNOSPORT,16799.0
Awox,AWX,39,0,D108,2510.93
Skytech,SLT,32,0,AVMELEKTRONİK,2268.0
Samsung,QE55QN90,55,1,TURKUAZANKARA,19200.0
Nordmende,NM50351,50,1,enucuzunadresi,5198.0
TCL,65C725,65,1,Comfor,14236.8
Vestel,43F9510,43,1,Şentürk-Vestel-YOB,5531.0
TCL,55P725,55,1,eniyiürünlerr,8949.0
LG,43LM6300PLA,43,1,Saraticaret21,6770.95
Sony,KD-55X85J,55,1,incehesap,14389.44
TCL,65P615,65,1,LUXURYHOMEDESİGN,11387.0
TCL,75P615,75,1,LUXURYHOMEDESİGN,17232.0
Vestel,43F8500,43,0,Simport-Vestel-YOB,4071.17
Samsung,UE-40N5000,40,0,Saraticaret21,5346.1
Vestel,65U9500,65,1,Akın-Vestel-YOB,9478.56
Regal,55R754UA9,55,1,pozcuova,6999.0
Vestel,22F8500,22,0,asravbilisim,2299.0
Samsung,UE75AU9000,75,1,next-time,19300.0
Vestel,55U9700,55,1,Simport-Vestel-YOB,8674.39
Vestel,55U9500,55,1,OrhanMob-Vestel-YOB,6957.02
LG,55UP77006LB,55,1,Tekno11,10546.49
Altus,AL50,50,1,çaybaşı,5488.0
Philips,55OLED806/12,55,1,TRUVAPLAYSTATION,21855.36
Onvo,OV43250,43,1,Evdeuzman,3800.0
Samsung,QE75QN800,75,1,TURKUAZANKARA,58136.43
Vestel,58U9500,58,1,Şentürk-Vestel-YOB,8869.98
Samsung,QE65QN85,65,1,TURKUAZANKARA,27985.0
LG,43NANO756PA,43,1,incehesap,9118.29
LG,OLED55G16LA,55,1,Tekno11,20673.0
Regal,55R752U,55,1,MyElektronik2021,7499.0
Samsung,QE50Q60A,50,1,EgeizoYapı,11289.54
LG,50UP77006LB,50,1,Tekno11,9842.04
Telefox,39TD3900,39,0,EvimAlem,2440.54
Awox,B206500S,65,1,Ab-Store,6749.0
Philips,58PUS8506,58,1,InnTurkey,12061.54
LG,86UP80006LA,86,1,Tekno11,26922.0
Samsung,QE65QN90,65,1,Avrupa,26699.0
Vestel,22F8510,22,0,Facom-Vestel-YOB,2249.0
Vestel,58UA9600,58,1,OrhanMob-Vestel-YOB,8684.04
Philips,43PFS6805/62,43,1,BulpaAS,5535.0
Next,YE-43020FS2,43,1,ZumaTeknoloji,5258.29
Dextel,DEX-19,19,0,naviprime,1400.0
Dijitsu,32D8000,32,0,Saraticaret21,2364.25
Samsung,QE55Q70A,55,1,dogubankbilisim,14474.04
Sunny,SN39DAL13/0216,39,1,KILIÇLIOGLULTDŞTİ,3232.75
LG,50NANO816PA,50,1,Tekno11,10610.18
Vestel,43F9510,43,1,Simport-Vestel-YOB,5200.39
Samsung,UE40T5300,40,1,arslangroup,5596.04
Samsung,QE50Q60A,50,1,arslangroup,11096.54
Samsung,UE43AU9000,43,1,Avrupa,8099.0
Samsung,UE60AU8000,60,1,SamsungTürkiye,13509.04
Samsung,HG28EE690,28,0,Saraticaret21,2939.02
Regal,43R654FC,43,1,MakroReyon,4438.04
Vestel,58U9500,58,1,Has-Vestel-YOB,9499.0
Samsung,QE55LS03A,55,1,TURKUAZANKARA,15922.5
Sony,KD-55X80J,55,0,Mysonyshop,11857.02
Regal,39R603H,39,0,BUHARASANAL,3394.03
Techwood,24H01,24,0,VSOutlet,1999.0
Altus,AL50L,50,1,KayraDTM,5688.68
Vestel,43UA9800,43,1,Simport-Vestel-YOB,6213.64
Philips,43PUS7505/62,43,1,TVSHOOP,6299.0
Vestel,65U9510,65,1,GizemDtm-VestelYOB,11158.0
TCL,50C725,50,1,EPATeknoloji,9166.54
Samsung,UE43AU7000,43,1,Avrupa,7594.55
TCL,55C725,55,1,EPATeknoloji,10614.04
Toshiba,43LL2A63DT,43,1,ÜRÜNDÜNYASII,5250.0
Samsung,UE70AU7100,70,1,arslangroup,15499.0
Onvo,OV43250,43,1,atstabletbilgisayar,3786.0
Samsung,QE75Q60A,75,1,SamsungTürkiye,24581.45
Samsung,UE32T5300,32,1,SamsungTürkiye,4824.04
Toshiba,32LL3A63DT,32,1,Saraticaret21,3551.2
Toshiba,43LL2A63DT,43,1,Saraticaret21,5249.6
Samsung,QE55Q80A,55,1,TEKNOSPORT,14783.04
Vestel,43U9500,43,1,DoğanGroup-VestelYOB,5789.04
Philips,43PFS5505/62,43,0,ELECTROPLUS,4609.99
Vestel,55Q9900,55,1,Simport-Vestel-YOB,10616.0
Regal,43R654FC,43,1,RegalKurumsalMağaza,5199.0
LG,OLED55C14LB,55,1,KırmızıElma,16547.8
Vestel,55UA9800,55,1,Simport-Vestel-YOB,7725.0
Profilo,50PA305E,50,1,GüvenDtm,7243.0
TCL,50P615,50,1,EVYAPARAVM,9629.0
Vestel,49UA9800,49,1,UzunDtm-Vestel-YOB,8474.0
Toshiba,50UL3B63DT,50,1,ELECTROPLUS,7139.99
Vestel,32H8500,32,0,Lider-Vestel-YOB,2999.0
Vestel,32H8401,32,0,Simport-Vestel-YOB,2569.8
Techwood,32TEC600,32,0,VSOutlet,2411.54
Sony,KD-55A8,55,1,dogubankbilisim,19999.0
Samsung,UE32T5300,32,1,dogubankbilisim,4399.0
Samsung,UE55AU7000,55,1,dogubankbilisim,10599.0
LG,55NANO866PA,55,1,KırmızıElma,12696.33
Vestel,32H8500,32,0,Simport-Vestel-YOB,2999.0
Sony,XR-77A80J,77,1,Mysonyshop,58799.02
LG,50UP77006LB,50,1,KırmızıElma,10003.0
LG,75NANO916PA,75,1,gizerler,28461.46
Vestel,43F9510,43,1,Facom-Vestel-YOB,5260.0
Telefunken,43TF6520,43,1,EgeizoYapı,5129.0
Vestel,58U9500,58,1,OrhanMob-Vestel-YOB,8133.02
Samsung,QE75Q800T,75,1,ÖzbaşHome,39199.02
Vestel,39H9400,39,1,OrhanMob-Vestel-YOB,4534.54
Regal,24R604H,24,0,pozcuova,2447.04
LG,70UP81006LA,70,1,MARKAUYGUN,15499.0
Vestel,58U9510,58,1,OrhanMob-Vestel-YOB,8008.54
Vestel,43U9600,43,1,OrhanMob-Vestel-YOB,5644.29
Vestel,43U9510,43,1,Facom-Vestel-YOB,5340.0
Samsung,UE43AU8000,43,1,MARKAUYGUN,7499.0
Altus,AL55L,55,1,EgeizoYapı,9139.0
Samsung,QE55Q60A,55,1,EgeizoYapı,13082.02
Vestel,32H9600,32,1,Facom-Vestel-YOB,3310.0
LG,49UN73006,49,1,gizerler,8589.47
Samsung,QE65Q60A,65,1,gizerler,17179.96
Philips,50PUS7505/62,50,1,MARKAUYGUN,7099.0
Philips,50PUS7805/62,50,1,MARKAUYGUN,7999.0
Samsung,UE70AU7100,70,1,MARKAUYGUN,13919.04
Samsung,UE50AU8000,50,1,MARKAUYGUN,9599.04
Samsung,UE50AU8000,50,1,ÖzbaşHome,10999.0
Philips,55PUS7805/62,55,1,MARKAUYGUN,9499.0
Philips,58PUS8505/62,58,1,MARKAUYGUN,10499.0
Vestel,65U9700,65,1,OrhanMob-Vestel-YOB,11048.29
Profilo,39PA210E,39,0,VATANAVM06,3715.25
Vestel,50U9700,50,1,OrhanMob-Vestel-YOB,7719.04
Onvo,OV55F350,55,1,ÖzbaşHome,6249.0
Saba,SB58F350,58,1,EgeizoYapı,7749.0
Philips,43PUS7805/62,43,1,MARKAUYGUN,6499.0
Hitachi,32HT4060HD,32,0,EgeizoYapı,2599.0
Vestel,55U9500,55,1,Facom-Vestel-YOB,8000.0
LG,43UP77006LB,43,1,ÖzbaşHome,7999.0
Saba,SB50F351,50,1,EgeizoYapı,6399.0
Digipoll,"50""",50,1,EgeizoYapı,5389.0
Samsung,QE50Q60A,50,1,gizerler,11694.46
Vestel,32H8401,32,0,OrhanMob-Vestel-YOB,2694.02
Vestel,43F9600,43,1,OrhanMob-Vestel-YOB,5354.79
Vestel,32H8500,32,0,OrhanMob-Vestel-YOB,2783.04
Vestel,32H8600,32,0,Facom-Vestel-YOB,2765.0
Philips,50PUS7906,50,1,VEYİSOĞLU,9999.0
Samsung,QE75Q950T,75,1,ÖzbaşHome,59999.0
Regal,50R857UQ,50,1,pozcuova,7399.0
Vestel,32FA9500,32,1,Facom-Vestel-YOB,3550.0
Vestel,43U9700,43,1,OrhanMob-Vestel-YOB,6126.79
LG,NanoCell,50,1,ÖzbaşHome,11999.0
Vestel,55U9600,55,1,OrhanMob-Vestel-YOB,8201.54
Profilo,32PA200E,32,0,VATANAVM06,2849.65
Vestel,39H8401,39,0,OrhanMob-Vestel-YOB,4052.04
Samsung,UE75AU9000,75,1,ÖzbaşHome,21999.0
Samsung,UE40T5300,40,1,gizerler,6312.46
Samsung,UE50AU7000,50,1,EgeizoYapı,9379.0
Samsung,UE50AU7000,50,1,MARKAUYGUN,9119.04
Vestel,58U9500,58,1,Facom-Vestel-YOB,8325.0
Vestel,50U9500,50,1,OrhanMob-Vestel-YOB,7091.79
Samsung,QE85Q950T,85,1,ÖzbaşHome,89999.01
Vestel,55O9900,55,1,OrhanMob-Vestel-YOB,18431.04
Regal,55R857UQ,55,1,pozcuova,9249.0
Regal,65R854UQ,65,1,pozcuova,12499.0
Regal,39R653HC,39,1,pozcuova,3489.0
Regal,65R754UA9,65,1,pozcuova,10614.04
Telefunken,32TH4020,32,0,EgeizoYapı,2649.0
Profilo,50PA305E,50,1,VATANAVM06,6030.29
Vestel,50U9600,50,1,OrhanMob-Vestel-YOB,7091.79
Samsung,UE40T5300,40,1,MARKAUYGUN,5999.0
Samsung,UE55AU7000,55,1,EgeizoYapı,11096.54
LG,75UP75006LC,75,1,EgeizoYapı,17209.0
Samsung,UE65AU7000,65,1,MARKAUYGUN,13499.0
Techwood,50U02,50,1,ÖzbaşHome,5499.0
Altus,AL65L,65,1,EgeizoYapı,11269.0
Samsung,UE65AU9000,65,1,gizerler,17076.46
Regal,50R754UA9,50,1,pozcuova,6999.0
Vestel,55U9700,55,1,OrhanMob-Vestel-YOB,8587.54
Samsung,UE55AU7000,55,1,MARKAUYGUN,11039.04
LG,86NANO756PA,86,1,gizerler,31514.71
LG,43LM6300PLA,43,1,gizerler,6819.61
LG,75NANO866PA,75,1,gizerler,24838.96
Philips,70PUS8506,70,1,MARKAUYGUN,17999.0
Sunny,SN32DAL13-TNR,32,1,zbeyazeşya,2999.0
Vestel,39H9510,39,1,OrhanMob-Vestel-YOB,4311.02
LG,50UP75006LF,50,1,ÖzbaşHome,9999.0
LG,55UP77006LB,55,1,gizerler,11176.96
LG,43UN74006LB,43,1,gizerler,7347.47
LG,70NANO756PA,70,1,gizerler,16248.46
Vestel,55U9501,55,1,OrhanMob-Vestel-YOB,6908.02
LG,50NANO816PA,50,1,gizerler,11487.46
Vestel,43F8600,43,0,OrhanMob-Vestel-YOB,4115.02
Regal,43R654FC,43,1,pozcuova,4099.0
Samsung,UE55AU8000,55,1,gizerler,11901.46
LG,50UP77006LB,50,1,gizerler,10245.46
Philips,55PUS7906,55,1,Bizdehesaplı,11382.65
Telefunken,50TU7550UA,50,1,Bizdehesaplı,7397.71
Nordmende,NM32F151,32,1,Bizdehesaplı,2953.64
Philips,50PUS8506,50,1,Bizdehesaplı,10697.41
DijiTv,32DH3322/STR,32,0,pozcuova,2700.0
Telefunken,39TF6520,39,1,Bizdehesaplı,4102.68
Skytech,ST-3230YK,32,0,Bizdehesaplı,2624.99
Nordmende,NM55350,55,1,Bizdehesaplı,7083.49
Skytech,SLT-4340C,43,0,Bizdehesaplı,3903.6
Philips,50PUS7906,50,1,Bizdehesaplı,10425.89
LG,43UN71006LB,43,1,gizerler,7140.47
Toshiba,55UL3B63DT,55,1,ELECTROPLUS,8569.99
Profilo,40PA300T,40,0,ebeyazeşya,4132.0
Profilo,32PA200E,32,0,ebeyazeşya,2521.0
Vestel,50UA9600,50,1,Akın-Vestel-YOB,6879.49
Altus,AL65,65,1,UmutTicaret,9599.0
Techwood,43U903,43,1,meletelektronik,4599.0
Philips,50PUS7505/62,50,1,meletelektronik,7699.0
Nordmende,NM32150,32,1,kolaysepet,2649.89
Toshiba,58UA3A63DT,58,1,incehesap,9070.04
LG,OLED77G16LA,77,1,doguhan,57999.0
LG,75QNED916PA,75,1,doguhan,33291.54
LG,65NANO756PA,65,1,ANADOLUDTM,17000.0
Regal,39R653H,39,1,mevlanadiyarı,4000.0
LG,32LM6370PLA,32,1,Electromoda,5999.0
Beko,B40L58454B,40,0,ECK-ELEKTRONİK,5299.0
Samsung,QE85QN85,85,1,Avrupa,54580.0
TCL,43S65A,43,1,Electromoda,5375.04
Saba,SB43250,43,1,enucuzunadresi,3878.34
Axen,AX32DAB043,32,0,evimponcik,2395.0
TCL,65P725,65,1,Nethouse,12999.0
Finlux,55FX760UA,55,0,SarfBilişim(artsrf),6999.0
Onvo,OV43F900,43,1,evonline,6660.0
Philips,43PFS5505/62,43,0,UmutTicaret,5999.0
LG,49UN711C0ZB,49,1,techkeyfim,9899.0
Sunny,SN50LEDJ50,50,1,ceyizade,5749.0
Vestel,58U9510,58,1,Ensarlar-Vestel-YOB,10199.0
Vestel,50U9500,50,1,Şentürk-Vestel-YOB,7641.06
Vestel,32H8501,32,0,Şentürk-Vestel-YOB,2969.0
Nordmende,NM43250,43,1,mustafahira,3900.0
Sony,KD-55X89J,55,1,Hepsisony,15500.0
Samsung,UE50AU8000,50,1,incehesap,8976.05
Toshiba,43UA3A63DT,43,1,HEMCO,6440.0
Nordmende,NM50F351,50,1,mustafahira,5999.0
Sunny,SN49FAL27/0216,49,1,UmutTicaret,5579.1
LG,55NANO756PA,55,1,BULDUGUNUAL,13999.0
Samsung,UE32T5300,32,1,SamsungBeykoz,4999.0
Philips,58PUS8506,58,1,Tekno11,15599.0
Sony,KD-50X85J,50,1,Hepsisony,15999.0
Skytech,4041,40,0,AZİZOĞLUBEYAZEŞYA,3999.0
Regal,58R754U,58,1,AZİZOĞLUBEYAZEŞYA,9459.0
Philips,43PUS7505/62,43,1,UmutTicaret,6699.0
Samsung,UE55AU7000,55,1,EPATeknoloji,10372.79
Samsung,QE65Q60A,65,1,Avrupa,15799.0
Philips,43PUS7506,43,1,InnTurkey,7369.0
Beko,B43,43,0,trendperakendee,4999.0
TCL,50C725,50,1,Nethouse,9879.05
TCL,50P615,50,1,incehesap,8587.54
Axen,AX39HDAL04,39,0,incehesap,3215.04
Samsung,UE50AU7000,50,1,Tekno11,10399.0
Vestel,58U9500,58,1,Ensarlar-Vestel-YOB,10124.0
Altus,AL43,43,1,enucuzunadresi,4302.94
Samsung,UE50TU7000,50,1,EVAİLETİŞİM,9399.0
Arçelik,A32,32,1,Electromoda,4399.0
Samsung,QE75QN85,75,1,Avrupa,36000.0
Samsung,QE85QN90,85,1,Avrupa,59060.0
Altus,AL-32,32,1,EgeizoYapı,4229.0
Samsung,UE58AU7000,58,1,TVSHOOP,12499.0
Samsung,QE75QN900,75,1,Avrupa,85920.0
Altus,AL50,50,1,EfeFarukAvm,7690.0
Samsung,QE85QN85,85,1,TURKUAZANKARA,53952.0
Samsung,UE40T5300,40,1,Nar724,6099.0
Elton,EL32DAL13,32,1,beyazeşyaraeda,2500.0
Vestel,43U9500,43,1,Ahmetoğlu-Vestel-YOB,5899.0
Jvc,LT-50VA3005T,50,0,SarfBilişim(artsrf),6499.0
Philips,43PFS6805/62,43,1,InnTurkey,5649.0
Sunny,SN43DAL13-TNR,43,1,UmutTicaret,4599.0
Vestel,43U9600,43,1,Ensarlar-Vestel-YOB,6884.0
Samsung,QE75QN85,75,1,TURKUAZANKARA,35499.0
Sunny,SN32DIL04,32,0,enucuzunadresi,2508.04
Onvo,OV39150,39,1,mustafahira,3298.0
Altus,AL43,43,1,RisiCo.,4841.0
Nexon,39NXN,39,0,Orhanmağazaları,3331.02
Onvo,OV65351,65,1,mustafahira,8298.04
Sunny,SN43DAL010,43,0,sönmezevdünyası,4899.0
Vestel,43F9510,43,1,Ensarlar-Vestel-YOB,6094.0
Botech,55BSE7501,55,1,onlineticaretdunyasi,11231.0
Telenova,24D4001,24,0,11pro,1871.04
Samsung,QE65LS03A,65,1,next-time,18769.25
Beko,Crystal,55,1,trendperakendee,8999.0
Botech,32BSE8501,32,1,AnkasTReGo,4295.0
Regal,43R654FA9,43,1,SendeKaldı,5219.52
Samsung,UE65AU8000,65,1,TURKUAZANKARA,16405.0
Regal,50R754U,50,1,AZİZOĞLUBEYAZEŞYA,6799.0
Awox,A202400,24,0,EfeFarukAvm,2250.0
Vestel,43UA9600,43,1,Ensarlar-Vestel-YOB,7045.0
Vestel,55U9500,55,1,Ahmetoğlu-Vestel-YOB,7999.0
Toshiba,32LA3B63DT,32,1,Rampapashop,3899.0
Awox,A202400,24,0,teknolojist,1999.0
Regal,32R604H,32,0,eksikvar,3376.54
Vestel,32H8501,32,0,asravbilisim,3249.0
Sony,XR-65A90J,65,1,Hepsisony,55499.0
Axen,AX55FIL243,55,1,incehesap,6699.0
Axen,AX32DAB04,32,0,Geyo_Shop,2315.04
Sunny,SN49FAL27/0216,49,1,sönmezevdünyası,5599.0
Nordmende,NM58F351,58,1,mustafahira,7099.0
Samsung,QE50Q60A,50,1,EMİN_TEKNOLOJİ,11000.04
Altus,AL50L,50,1,AZİZOĞLUBEYAZEŞYA,7499.0
Toshiba,50UA2063DT,50,1,AnkasTReGo,8550.0
Samsung,QE55QN90,55,1,EMİN_TEKNOLOJİ,19679.04
LG,OLED48A16LA,48,1,ŞAHİNCELL,13944.42
Vestel,55U9500,55,1,GizemDtm-VestelYOB,7390.0
Saba,SB42251,42,1,SendeKaldı,3533.76
Sunny,SN49FAL27/0216,49,1,SendeKaldı,5021.0
Vestel,55UA9800,55,1,Ahmetoğlu-Vestel-YOB,8999.0
Axen,AX43DIL010,43,0,incehesap,3647.04
LG,65UP81006LA.APD,65,1,Tekno11,13214.0
LG,55UP75006LF,55,1,incehesap,11000.04
Sony,KD-85XH9096,85,1,Hepsisony,47500.0
Philips,43PFS5505/62,43,0,Tekno11,6107.0
Blaupunkt,BL40335,40,1,NebiogluGrup,4439.0
Finlux,55FX660UA,55,1,Tekno11,6998.0
Saba,SB32F152,32,1,pakticaret,2849.0
Samsung,QE75LS03A,75,1,Avrupa,29820.0
Philips,50PUS7805/62,50,1,Tekno11,9870.0
Techwood,39H802,39,0,AZİZOĞLUBEYAZEŞYA,3999.0
Saba,SB42250,42,1,SendeKaldı,3780.48
Vestel,55O9900,55,1,Şentürk-Vestel-YOB,19499.06
Regal,43R654FA9,43,1,ÖzbaşHome,5499.0
Altus,AL50L,50,1,ANADOLUDTM,6240.0
Samsung,UE55AU7000,55,1,Electromoda,11799.0
Philips,65PUS7906,65,1,Electromoda,15999.0
Nordmende,NM43250,43,1,kolaysepet,3789.39
Grundig,Toronto,43,1,trendperakendee,5499.0
LG,43UP77006LB,43,1,EGEMTEKNOLOJİAVM,7995.0
Samsung,UE32T5300,32,1,Avrupa,5423.3
Skytech,SLT-2430C,24,0,EfeFarukAvm,2190.0
Vestel,43U9600,43,1,Şentürk-Vestel-YOB,6367.06
Regal,58R7540UA,58,1,ANADOLUDTM,11249.0
Vestel,24H8510,24,0,EgeizoDtm-Vestel-YOB,3299.0
Next,YE-65020FS2-4K,65,1,DALOGLUDİGİTAL,9408.03
Regal,32R4020H,32,0,eksikvar,3499.0
LG,OLED55C14LB,55,1,doguhan,19799.0
Next,YE-43020FS2,43,1,DALOGLUDİGİTAL,5066.25
Nordmende,NM43F250,43,1,Evdeuzman,3999.0
Woon,WN43DLK13/0216,43,1,meletelektronik,3798.0
Sony,XR-77A80J,77,1,Hepsisony,58999.0
Techwood,39TEC600,39,0,AZİZOĞLUBEYAZEŞYA,2999.0
Woon,WN32DEG04,32,0,Depoevim.Express,2499.0
Toshiba,50UA3A63DT,50,1,incehesap,7140.04
Samsung,QE50Q60A,50,1,EPATeknoloji,11004.42
LG,65UP81006LA.APD,65,1,techkeyfim,14979.0
Regal,58R754U,58,1,SendeKaldı,7104.0
Toshiba,43LL3A63DT,43,1,beyazeşyaraeda,5600.0
Sunny,SN39DAL13/0216,39,1,sönmezevdünyası,4399.0
Samsung,QE75QN90,75,1,Avrupa,40560.0
Regal,65R854UQ,65,1,BUHARASANAL,13509.04
Samsung,UE55AU8000,55,1,doguhan,11193.04
Altus,AL55,55,1,UmutTicaret,6999.0
Vestel,43UA9600,43,1,Şentürk-Vestel-YOB,6563.06
Samsung,QE65Q60A,65,1,SamsungBeykoz,19399.0
Sony,XR-77A80J,77,1,teknolojika,61199.0
Jvc,LT-43VU3105T,43,1,SarfBilişim(artsrf),5999.0
Philips,65PUS7906,65,1,InnTurkey,15549.0
Samsung,QE55QN85,55,1,TURKUAZANKARA,18335.0
Toshiba,32LA3B63DT,32,1,incehesap,3376.54
Sunny,SN32DIL04,32,0,ceyizade,2253.02
Toshiba,24WL2C63DT,24,1,meletelektronik,2949.0
LG,55NANO866PA,55,1,ANADOLUDTM,14499.0
Samsung,UE70AU8000,70,1,Avrupa,15799.0
Vestel,43Q9900,43,1,Şentürk-Vestel-YOB,8819.02
Samsung,QE65Q70A,65,1,Tekno11,20499.0
TCL,65C728,65,1,Nethouse,18399.0
Samsung,QE75Q70A,75,1,Avrupa,27900.0
Onvo,OV32F700,32,1,evonline,3870.0
Sony,KD-85X85J,85,1,Hepsisony,49999.0
Altus,AL50,50,1,RisiCo.,6505.0
Next,YE-50020FS2-4K,50,1,DALOGLUDİGİTAL,6599.0
Samsung,UE75AU9000,75,1,TURKUAZANKARA,21000.0
Samsung,QE55LS01T,55,1,Avrupa,18940.0
Samsung,UE50AU9000,50,1,EPATeknoloji,9938.54
Vestel,58U9510,58,1,GizemDtm-VestelYOB,10199.0
Axen,AX39HDAL04,39,0,ARMAN,3500.0
Samsung,QE65Q60A,65,1,doguhan,15999.0
Samsung,UE55AU9000,55,1,doludepo,15359.04
Samsung,QE75LS03A,75,1,doguhan,25089.04
Samsung,UE70AU8000,70,1,next-time,15799.95
Sony,XR-65A80J,65,1,Hepsisony,34599.0
Philips,55PUS7805/62,55,1,Tekno11,11187.0
Samsung,UE50AU8000,50,1,SMARTECH,10199.0
Samsung,QE55LS03A,55,1,F2Gtech,17749.0
TCL,50P725,50,1,Gamers_Arena,10449.99
LG,55UP77006LB,55,1,incehesap,12013.29
Toshiba,43UL3C63DT,43,1,incehesap,5354.79
Sony,KD-75X81J,75,1,Hepsisony,23500.0
Regal,55R754U,55,1,SendeKaldı,7075.0
Samsung,UE65AU9000,65,1,EMİN_TEKNOLOJİ,17999.0
Onvo,OV58900,58,1,evonline,9900.0
Regal,42R654FC,42,1,ANADOLUDTM,4400.0
Vestel,55U9500,55,1,AZİZOĞLUBEYAZEŞYA,8249.0
Telenova,55U9001,55,1,11pro,6369.02
Samsung,UE75AU7100,75,1,TEKOBIZ_LTD,17664.0
Samsung,UE55AU9000,55,1,TRUVAPLAYSTATION,12544.04
Samsung,UE43AU8000,43,1,EMİN_TEKNOLOJİ,7999.0
Jvc,LT-43VAF305T,43,0,SarfBilişim(artsrf),5699.0
Toshiba,43UL2063DT,43,1,Erpa-Holding,6030.29
Samsung,UE58AU7000,58,1,EMİN_TEKNOLOJİ,12061.54
Dijitsu,43D7000,43,0,evimponcik,3599.0
Samsung,UE75AU7100,75,1,TURKUAZANKARA,16645.0
LG,55NANO816NA,55,1,PandorraTicaret,10799.0
Vestel,43UA9600,43,1,Ahmetoğlu-Vestel-YOB,6899.0
Philips,32PFS6805/62,32,1,InnTurkey,4080.99
Sunny,SN40DAL010,40,0,sönmezevdünyası,3999.0
Toshiba,50UL3C63DT,50,1,incehesap,7043.54
Telenova,55S4K8001/20,55,1,11pro,6369.02
Philips,70PUS7906,70,1,InnTurkey,17449.0
LG,65UP81006LA.APD,65,1,doguhan,13653.79
LG,43UP75006LF,43,1,incehesap,7429.54
Altus,AL50L,50,1,UmutTicaret,9019.3
Sony,KD-85X85J,85,1,teknolojika,43119.02
Samsung,UE50TU7000,50,1,YILDIRIMAVM,10250.0
Sony,KD-75X81J,75,1,teknolojika,27859.0
Regal,50R754UA9,50,1,ANADOLUDTM,8499.0
Sunny,SN43DAL13-TNR,43,1,pakticaret,4650.0
Philips,55PUS7906,55,1,InnTurkey,10955.42
Regal,55R754UA9,55,1,SendeKaldı,6967.68
LG,OLED48A16LA,48,1,Rampapashop,13605.54
TCL,65C728,65,1,incehesap,17048.64
Sunny,SN49FAL27/0216,49,1,teknolojist,4849.13
Next,YE-32020KT,32,0,Electromoda,2399.0
Samsung,UE40T5300,40,1,KILIÇLIOGLULTDŞTİ,5950.0
Vestel,58U9500,58,1,GizemDtm-VestelYOB,10199.0
Toshiba,50UL3C63DT,50,1,Rampapashop,6696.14
Samsung,UE58AU7000,58,1,SMARTECH,12899.0
LG,NanoCell,50,1,onlineticaretdunyasi,13191.3
Telenova,50U9001,50,1,11pro,5879.02
Philips,32PHS5505/62,32,0,Tekno11,3963.0
Dijitsu,DJTV321,32,0,Geyo_Shop,2298.0
LG,70NANO756PA,70,1,Nar724,17750.0
Samsung,UE55AU9000,55,1,TURKUAZANKARA,13124.0
LG,55UN81006LB,55,1,Rampapashop,11569.39
Altus,AL43,43,1,AZİZOĞLUBEYAZEŞYA,5099.0
Philips,43PFS5505/62,43,0,incehesap,4524.89
Sunny,SN50LEDJ50,50,1,SendeKaldı,5393.39
Telefox,39TD3900,39,0,ibilisim,2465.0
Telefunken,55TU7540,55,1,DenseMobilya,8500.0
Sunny,SN43DAL010,43,0,pakticaret,3799.0
Samsung,UE43AU8000,43,1,Nar724,7899.0
Telefunken,43TF6520,43,1,kolaysepet,4499.99
LG,OLED83C14LA,83,1,Tekno11,68999.0
Sunny,SN43DAL13-TNR,43,1,sönmezevdünyası,4999.0
Vestel,55U9700,55,1,Şentürk-Vestel-YOB,9679.46
Onvo,OV50F900,50,1,evonline,8280.0
Altus,AL43,43,1,mevlanadiyarı,4458.0
Sony,KD-65X81J,65,1,Hepsisony,16999.0
Next,YE-43020FS2,43,1,Fer,5500.0
LG,65NANO756PA,65,1,Nar724,16400.0
Beko,Crystal,55,1,trendperakendee,8599.0
Altus,AL43,43,1,MGSHALI,5299.0
Samsung,UE43AU7000,43,1,EMİN_TEKNOLOJİ,7799.0
Onvo,OV32101,32,0,teknolojist,2499.0
Next,YE-65020FS2-4K,65,1,Fer,9600.0
TCL,50P615,50,1,LUXURYHOMEDESİGN,7381.29
Weston,WS-43ALT,43,0,UmutTicaret,4099.0
Samsung,QE65Q70A,65,1,Avrupa,17578.0
Skytech,ST-7540US,75,1,UmutTicaret,19999.0
Sony,XR-65A80J,65,1,teknolojika,35083.02
Sunny,SN32DAL04,32,0,sönmezevdünyası,2999.0
Regal,65R858U,65,1,ANADOLUDTM,12900.0
Vestel,55UA9600,55,1,Ahmetoğlu-Vestel-YOB,8499.0
Regal,32R604H,32,0,enucuzunadresi,3369.0
Samsung,UE55AU7000,55,1,Avrupa,11750.0
Sony,KD-75X85J,75,1,Hepsisony,31999.0
LG,NanoCell,50,1,Electromoda,12499.0
Beko,B55,55,1,trendperakendee,9499.0
Samsung,QE85QN90,85,1,next-time,55795.0
Vestel,50UA9600,50,1,GizemDtm-VestelYOB,6890.0
Vestel,55UA9600,55,1,Şentürk-Vestel-YOB,8865.08
Arçelik,A40L,40,0,AZİZOĞLUBEYAZEŞYA,5999.0
Samsung,QE50Q67A,50,1,EMİN_TEKNOLOJİ,11500.0
Sunny,SN32DAL04,32,0,onlineticaretdunyasi,3311.8
Sony,KD-50X81J,50,1,Hepsisony,11750.0
Philips,58PUS8506,58,1,incehesap,12447.54
Samsung,UE65AU7000,65,1,TURKUAZANKARA,15900.0
Axen,AX32DAB13,32,1,incehesap,2581.44
LG,50UP75006LF,50,1,Rampapashop,9070.04
TCL,65C825,65,1,incehesap,27551.04
TCL,65P725,65,1,incehesap,13895.04
LG,50UP77006LB,50,1,incehesap,9931.05
Vestel,58UA9600,58,1,Ahmetoğlu-Vestel-YOB,10499.0
Samsung,UE43AU8000,43,1,DenseMobilya,7998.0
Samsung,UE50TU7000,50,1,ARMAN,9398.0
Sunny,"24""",24,0,whitegoodshop,2189.0
Philips,50PUS7906,50,1,InnTurkey,9299.0
Sunny,SN43DAL13-TNR,43,1,onlineticaretdunyasi,5648.2
Samsung,UE65AU9000,65,1,Avrupa,14999.0
Next,YE-50020FS2-4K,50,1,Fer,6700.0
LG,70NANO756PA,70,1,Electromoda,19999.0
Samsung,UE50AU8000,50,1,Nar724,10490.0
Regal,39R653H,39,1,ÇELİKLERAVMİNŞAAT,4995.0
Philips,43PFS6805/62,43,1,glcteknoloji,6379.0
Philips,50PUS7906,50,1,incehesap,9070.04
Toshiba,50UL2063DT,50,1,techkeyfim,7339.0
Samsung,UE50AU8000,50,1,EMİN_TEKNOLOJİ,10499.0
Regal,55R857UQ,55,1,ANADOLUDTM,9799.0
Toshiba,43UA3A63DT,43,1,meletelektronik,6499.0
Skytech,SLT-4340C,43,0,EfeFarukAvm,4790.0
Onvo,OV65500,65,1,SendeKaldı,9954.94
Samsung,UE43AU8000,43,1,EgeizoYapı,7767.29
Beko,B43,43,0,umut.perakende,4999.0
Vestel,43U9510,43,1,Şentürk-Vestel-YOB,6293.56
Onvo,OV65F900,65,0,evonline,12600.0
Vestel,43UA9800,43,1,KILIÇLIOGLULTDŞTİ,6200.0
Saba,SB42251,42,1,enucuzunadresi,3666.04
Sony,KD-65X81J,65,1,teknolojika,15499.0
Vestel,65U9500,65,1,GizemDtm-VestelYOB,11499.0
Sunny,SN49FAL27/0216,49,1,enucuzunadresi,5017.04
Sunny,SN39DAL13/0216,39,1,pakticaret,4399.0
LG,65NANO816PA,65,1,Electromoda,20999.0
Vestel,43Q9900,43,1,Ensarlar-Vestel-YOB,8840.0
Samsung,UE32T5300,32,1,SendeKaldı,5379.0
Samsung,UE40T5300,40,1,SendeKaldı,6835.0
Samsung,QE75Q950T,75,1,TURKUAZANKARA,54281.25
Vestel,58UA9600,58,1,Şentürk-Vestel-YOB,9748.06
Altus,AL65,65,1,AZİZOĞLUBEYAZEŞYA,9499.0
Axen,AX32DAB04,32,0,EfeFarukAvm,2890.0
Samsung,UE75AU8000,75,1,Avrupa,17199.0
Regal,43R654FC,43,1,AZİZOĞLUBEYAZEŞYA,5499.0
Samsung,UE32T5300,32,1,EgeizoYapı,4299.0
Vestel,55U9500,55,1,Ensarlar-Vestel-YOB,9206.0
Blaupunkt,BL42130,42,0,Okpa,4000.0
Finlux,43FX620FA,43,1,UmutTicaret,4999.0
TCL,65P725,65,1,Gamers_Arena,15199.0
Nordmende,NM50F353,50,1,mustafahira,5838.0
Vestel,43U9500,43,1,Şentürk-Vestel-YOB,6298.46
Vestel,22F8510K,22,0,Şentürk-Vestel-YOB,2474.5
Philips,50PUS8506,50,1,Arces,11023.95
Samsung,UE43TU7100UXTK,43,1,Electromoda,8299.0
Samsung,65TU8300,65,1,EMİN_TEKNOLOJİ,14299.0
LG,55UP75006LF,55,1,Nar724,11499.0
Sony,KD-50X81J,50,1,teknolojika,11199.0
Sony,XR-55X90J,55,1,teknolojika,16071.02
Sony,XR-65X90J,65,1,teknolojika,21499.0
Vestel,32H8401,32,0,Şentürk-Vestel-YOB,2909.62
Philips,55PUS7906,55,1,Arces,10918.95
Philips,58PUS8506,58,1,Arces,13018.95
Vestel,32H9600,32,1,Şentürk-Vestel-YOB,3273.2
LG,OLED65A16LA,65,1,Tekno11,25151.04
Vestel,65U9500,65,1,Şentürk-Vestel-YOB,10370.86
LG,75NANO996NA,75,1,next-time,42999.0
Sony,KD-32W800,32,1,Hepsisony,6999.0
Samsung,QE55Q60A,55,1,Nar724,12999.0
Philips,32PFS6805/62,32,1,tvmarketim,4499.0
Woon,WN43DLK13/0216,43,1,enucuzunadresi,3550.24
Onvo,OV43F250,43,1,SendeKaldı,4656.0
LG,65QNED916PA,65,1,doguhan,24999.0
Samsung,UE75AU9000,75,1,Avrupa,18431.5
Sony,KD-55X85J,55,1,teknolojika,16659.02
Vestel,58U9510,58,1,Şentürk-Vestel-YOB,9307.06
Telenova,58U9001,58,1,11pro,6761.02
Toshiba,50UA3A63DT,50,1,Rampapashop,7719.04
Telenova,65S8001,65,1,11pro,8525.02
Telefunken,39TF6520,39,1,kolaysepet,3710.33
LG,55NANO756PA,55,1,MGSHALI,12599.0
Samsung,UE43AU9000,43,1,TEKOBIZ_LTD,8550.0
Sony,XR-55A80J,55,1,teknolojika,21559.02
Sony,XR-75X90J,75,1,teknolojika,37049.0
Sony,KD-55X81J,55,1,Hepsisony,12999.0
Philips,58PUS8505/62,58,1,ŞEVVALTİCARETT,11100.0
Samsung,QE55QN90,55,1,TEKOBIZ_LTD,18899.0
Philips,43PFS5505/62,43,0,Electromoda,5567.04
Vestel,43F9600,43,1,Ensarlar-Vestel-YOB,6348.0
Altus,AL55,55,1,AZİZOĞLUBEYAZEŞYA,6899.0
Beko,B50,50,1,umut.perakende,8499.0
Samsung,UE65AU8000,65,1,EMİN_TEKNOLOJİ,15099.0
Regal,50R753U,50,1,AZİZOĞLUBEYAZEŞYA,7499.0
Sony,KD-55X89J,55,1,teknolojika,16799.0
Sony,KD-55X85J,55,1,Hepsisony,17999.0
Sony,KD-48A9,48,1,teknolojika,25479.02
Hi-Level,HL43DLK13,43,1,EGEMTEKNOLOJİAVM,4599.9
LG,32LM6370PLA,32,1,ANADOLUDTM,5000.0
LG,OLED48C14LB,48,1,ANADOLUDTM,16500.0
Sony,XR-55A80J,55,1,Hepsisony,21999.0
Vestel,55UA9600,55,1,Ensarlar-Vestel-YOB,9599.0
Regal,32R602H,32,0,ÇELİKLERAVMİNŞAAT,3195.0
Sony,KD-48A9,48,1,doguhan,17369.04
Samsung,UE43AU8000,43,1,Electromoda,8999.0
Vestel,43F8600,43,0,Ensarlar-Vestel-YOB,5758.0
Samsung,QE65Q950T,65,1,Rampapashop,39167.04
Samsung,QE65Q80A,65,1,doguhan,21499.0
TCL,55C728,55,1,incehesap,14303.04
Philips,50PUS7805/62,50,1,tvmarketim,8200.0
Samsung,UE65AU7200,65,1,BULDUGUNUAL,14591.04
Samsung,UE55AU7000,55,1,DenseMobilya,10999.0
Philips,43PFS6805/62,43,1,tvmarketim,5798.0
Vestel,49UA9800,49,1,Ensarlar-Vestel-YOB,8990.0
Philips,50PUS7506,50,1,InnTurkey,8869.0
Onvo,OV32150,32,1,enucuzunadresi,2779.0
Sony,KE-55XH9005,55,1,Hepsisony,14417.1
Vestel,32FA9500,32,1,Şentürk-Vestel-YOB,3084.06
Altus,AL55L,55,1,UmutTicaret,8999.0
Regal,39R653HC,39,1,ANADOLUDTM,5499.0
Altus,AL43,43,1,UmutTicaret,5224.05
Hi-Level,HL43DMN13,43,1,TVSHOOP,4727.54
Skytech,SLT-4340C,43,0,AZİZOĞLUBEYAZEŞYA,4699.0
Skytech,ST-3230YK,32,0,UmutTicaret,3000.0
Philips,43PFS5503-62,43,0,ENUCUZEVALETLERİ,5373.75
TCL,65C725,65,1,Gamers_Arena,18969.0
TCL,55P725,55,1,incehesap,10035.04
Vestel,50Q9900,50,1,Şentürk-Vestel-YOB,9601.06
LG,55UN81006LB,55,1,BULDUGUNUAL,12254.54
Vestel,43F9510,43,1,EgeizoDtm-Vestel-YOB,6999.0
TCL,55C725,55,1,Gamers_Arena,14699.0
Grundig,Toronto,43,1,umut.perakende,5499.0
TCL,65P725,65,1,EPATeknoloji,12899.0
Vestel,50UA9600,50,1,Ahmetoğlu-Vestel-YOB,7399.0
Toshiba,55UL2063DT,55,1,sahinbilgisayar,8000.0
Samsung,QE50Q60A,50,1,F2Gtech,11979.0
LG,65NANO956NA,65,1,Tekno11,22999.0
Samsung,UE43AU7000,43,1,SendeKaldı,7858.0
Regal,32R4020HA,32,0,ANADOLUDTM,3400.0
Philips,50PUS7506,50,1,Tekno11,11699.0
Vestel,43U9500,43,1,Ensarlar-Vestel-YOB,6776.0
Vestel,50UA9600,50,1,Ensarlar-Vestel-YOB,8341.0
Hi-Level,HL43DLK13,43,1,nurbisikletoyuncak,4728.5
TCL,50C725,50,1,incehesap,9649.04
Sony,KD-55X81J,55,1,teknolojika,11906.02
Sony,XR-55A90J,55,1,teknolojika,37043.02
Regal,65R7540U,65,1,ANADOLUDTM,11999.0
TCL,65C725,65,1,Nethouse,14249.05
Axen,AX39DAL13,39,1,umut.perakende,3999.0
Vestel,50U9500,50,1,Ensarlar-Vestel-YOB,8250.0
Samsung,UE40T5300,40,1,Avrupa,7060.0
Samsung,UE75AU7100,75,1,Avrupa,16499.0
Samsung,UE65AU8000,65,1,Avrupa,15235.2
Samsung,UE50AU7000,50,1,Rampapashop,9166.54
Regal,32R604H,32,0,ANADOLUDTM,3400.0
Telefox,39TD3900,39,0,mevlanadiyarı,2525.0
Samsung,UE70AU7100,70,1,Nar724,15999.0
TCL,55C725,55,1,Digitalia,10499.0
Axen,AX58LEDJ203,58,1,EGEMTEKNOLOJİAVM,6899.9
Beko,Crystal,50,1,umut.perakende,8499.0
Vestel,55U9500,55,1,Şentürk-Vestel-YOB,8670.06
Sony,KD-75X85J,75,1,teknolojika,29399.02
TCL,55C728,55,1,Nethouse,14999.0
Vestel,43U9500,43,1,GizemDtm-VestelYOB,5400.0
Sony,KD-32W800,32,1,teknolojika,6999.0
Altus,AL43,43,1,KILIÇLIOGLULTDŞTİ,4457.0
Samsung,QE50QN90,50,1,EMİN_TEKNOLOJİ,16319.04
Samsung,QE65Q70A,65,1,EMİN_TEKNOLOJİ,19199.04
Axen,AX39DAL13,39,1,incehesap,3503.04
Toshiba,50UL2063DT,50,1,Erpa-Holding,7719.04
Profilo,39PA210E,39,0,ProfiloAnkara,3760.0
Regal,42R654FC,42,1,teknolojist,4799.0
Onvo,OV39100,39,0,mustafahira,3188.0
Next,YE-50020FS2-4K,50,1,SaraçoğluTicvePaz,6499.0
LG,43UP77006LB,43,1,onlineticaretdunyasi,9903.5
Vestel,43U9700,43,1,Şentürk-Vestel-YOB,6866.86
Hi-Level,HL43DLK13,43,1,KUZENLERTİCARETLTD.,4590.0
Vestel,43F8500,43,0,Evdirhan-Vestel-YOB,5900.0
Sunny,SN32DAL13-TNR,32,1,enucuzunadresi,2702.0
Toshiba,50UL2063DT,50,1,TVSHOOP,7599.0
LG,32LM6370PLA,32,1,KILIÇLIOGLULTDŞTİ,5100.0
Sony,KD-85XH9096,85,1,teknolojika,45999.01
Beko,B50,50,1,trendperakendee,8399.0
LG,55C9,55,1,ŞEVVALTİCARETT,14500.0
Regal,43R654FC,43,1,ANADOLUDTM,6837.0
Samsung,UE43AU7000,43,1,incehesap,7161.55
Samsung,QE75QN800,75,1,Avrupa,63650.0
Samsung,UE50AU9000,50,1,next-time,10132.5
Awox,K6500RST,65,1,SarfBilişim(artsrf),7719.04
LG,55UP81006LA,55,1,Tekno11,11225.0
LG,43NANO756PA,43,1,Tekno11,9456.04
Toshiba,50UL2063DT,50,1,sahinbilgisayar,7349.0
Toshiba,65UA3A63DT,65,1,Rampapashop,11639.03
Techwood,40F902,40,1,ÖzbaşHome,3999.0
Sony,KD-65X85J,65,1,Hepsisony,22999.0
Vestel,32H8300,32,0,Ensarlar-Vestel-YOB,3224.0
Samsung,QE65LS03A,65,1,Avrupa,22000.0
Onvo,OV55F350,55,1,mustafahira,6078.54
Philips,65PUS8506,65,1,InnTurkey,18249.0
Beko,Crystal,50,1,trendperakendee,8499.0
Samsung,UE40T5300,40,1,guler,5899.0
Samsung,QE55QN90,55,1,Rampapashop,18719.04
Samsung,QE55QN85,55,1,Avrupa,16299.0
Skytech,SLT-2430C,24,0,sönmezevdünyası,1999.0
Next,YE-40020KT,40,0,Electromoda,2899.0
Vestel,65U9600,65,1,Şentürk-Vestel-YOB,9799.02
Philips,43PFS6805/62,43,1,gizerler,5577.62
LG,70UP81006LA,70,1,Tekno11,15487.29
LG,65UP77006LB.APDZ,65,1,Tekno11,12399.0
Samsung,UE58AU7000,58,1,Erpa-Holding,12544.04
LG,OLED55B16LA,55,1,Tekno11,16655.04
Sony,XR-65X90J,65,1,Hepsisony,21948.0
LG,OLED48A16LA,48,1,Tekno11,13601.68
Regal,43R654FC,43,1,SendeKaldı,4440.0
Vestel,50U9510,50,1,MakroReyon,7499.0
Regal,32R604H,32,0,MakroReyon,2599.0
Regal,50R754UA9,50,1,MakroReyon,6399.0
Samsung,UE50AU8000,50,1,MakroReyon,9599.0
Vestel,43F9510,43,1,MakroReyon,5499.0
Sunny,SN32DAL04,32,0,MakroReyon,2499.0
Regal,32R602H,32,0,MakroReyon,2599.0
Skytech,ST-3230YK,32,0,EfeFarukAvm,2790.0
Philips,32PHS5505/62,32,0,Electromoda,3299.0
Vestel,55U9501,55,1,MakroReyon,8499.0
Regal,55R754U,55,1,MakroReyon,6949.0
Regal,50R754UA9,50,1,SendeKaldı,6072.0
Awox,B205800S,58,1,SendeKaldı,5554.0
LG,50NANO866PA,50,1,Tekno11,12833.54
LG,70UP77006LB,70,1,Tekno11,14687.04
LG,OLED77C14LB,77,1,Tekno11,50899.0
Vestel,70U9600,70,1,GizemDtm-VestelYOB,12300.0
LG,OLED77G16LA,77,1,Tekno11,52900.34
LG,75QNED916PA,75,1,Tekno11,32063.04
LG,OLED65G16LA,65,1,Tekno11,35221.54
LG,75NANO866PA,75,1,Tekno11,23297.0
LG,86NANO866PA,86,1,Tekno11,33500.0
LG,OLED65C14LB,65,1,Tekno11,26703.55
Regal,50R754U,50,1,SendeKaldı,5719.0
TCL,65C725,65,1,EPATeknoloji,13898.0
Regal,50R754U,50,1,ANADOLUDTM,5949.0
Toshiba,32L2263DT,32,1,glcteknoloji,3999.0
LG,OLED65B16LA,65,1,Tekno11,27791.04
Saba,SB32F151,32,1,SendeKaldı,2750.0
Onvo,OV50351,50,1,SendeKaldı,5146.35
LG,70NANO756PA,70,1,Tekno11,16548.79
Telenova,24D4001/20,24,0,11pro,1949.0
Philips,43PFS6805/62,43,1,Electromoda,5499.0
Toshiba,43UL2063DT,43,1,TVSHOOP,6078.54
Philips,70PUS8506,70,1,InnTurkey,19769.0
Onvo,OV50350,50,1,Evdeuzman,5290.0
LG,70NANO756PA,70,1,netteenucuz,17999.0
Blaupunkt,BL43130,43,0,ERDALEV,3280.0
Samsung,UE65AU7000,65,1,netteenucuz,14499.0
LG,55UN71006LB,55,1,Saraticaret21,12740.0
Philips,43PUS7505/62,43,1,ELECTROPLUS,5999.0
Vestel,55U9500,55,1,And-Vestel-YOB,8999.0
Vestel,43U9500,43,1,And-Vestel-YOB,6571.42
Vestel,65O9900,65,1,And-Vestel-YOB,29999.0
LG,43UN71006LB,43,1,Saraticaret21,7448.0
Samsung,UE43AU7000,43,1,BulpaAS,7725.0
Philips,43PUS7805/62,43,1,BulpaAS,6929.0
Samsung,UE55AU8000,55,1,BulpaAS,11719.0
Philips,43PUS7505/62,43,1,BulpaAS,6489.0
Vestel,32H8401,32,0,Has-Vestel-YOB,3099.0
Vestel,50Q9900,50,1,Has-Vestel-YOB,8857.74
Philips,58PUS8505/62,58,1,BulpaAS,12379.0
LG,43NANO756PA,43,1,BulpaAS,8989.0
LG,43LM6370PLA,43,1,BulpaAS,6810.0
Profilo,50PA305E,50,1,Beyazeşyamağazası,6249.0
Vestel,65U9500,65,1,Has-Vestel-YOB,10849.0
Vestel,50U9500,50,1,Has-Vestel-YOB,7139.0
Philips,32PHS5505/62,32,0,BulpaAS,2980.89
TCL,50C725,50,1,BulpaAS,8859.0
Samsung,UE65AU8000,65,1,BulpaAS,15049.0
Vestel,55UA9600,55,1,Has-Vestel-YOB,7879.0
Vestel,65U9600,65,1,Has-Vestel-YOB,9549.0
Samsung,UE65AU7200,65,1,SamsungTürkiye,15999.0
Philips,65PUS6504/12,65,1,akdenizavm,14599.0
Samsung,UE50AU9000,50,1,SamsungTürkiye,11578.0
TCL,55C715,55,1,eniyiürünlerr,10749.0
TCL,65P615,65,1,DECIDE,10999.0
Samsung,QE65Q60A,65,1,SevraDTM,18999.0
LG,49UN71006LB,49,1,akdenizavm,9999.0
LG,43UM751C0ZA,43,1,akdenizavm,7999.0
Nordmende,NM50F353,50,1,ensmobilya01,5999.0
TCL,65C725,65,1,DECIDE,14999.0
LG,50UN81006LB,50,1,akdenizavm,11670.0
TCL,65P725,65,1,DECIDE,12999.0
Samsung,UE32T5300,32,1,bembeyaz,4360.0
Samsung,UE43AU7000,43,1,bembeyaz,7790.0
Philips,43PFS5803/62,43,1,akdenizavm,5999.0
Philips,32PHS4012,32,0,akdenizavm,4399.0
Samsung,UE50AU8000,50,1,arslangroup,9359.54
LG,65SM8000PLA,65,1,akdenizavm,18899.0
Samsung,UE55AU7200,55,1,SamsungTürkiye,11788.0
Samsung,UE55TU7000,55,1,akdenizavm,12499.0
Samsung,UE55AU7000,55,1,bembeyaz,11390.0
LG,55UN74006LB,55,1,akdenizavm,12099.0
LG,86UN851C0ZA,86,1,arslangroup,29999.0
Samsung,UE70TU7100,70,1,akdenizavm,16199.0
LG,55NANO756PA,55,1,akdenizavm,13599.0
LG,43UK6950,43,1,akdenizavm,7449.0
Altus,AL43L,43,1,arslangroup,7396.38
LG,55UN81006LB,55,1,akdenizavm,11578.07
Vestel,58U9510,58,1,eniyiürünlerr,8749.0
Philips,70PUS6504/12,70,1,akdenizavm,16498.0
LG,43LM6300PLA,43,1,akdenizavm,6999.0
Nordmende,NM55F350,55,1,ensmobilya01,7199.0
LG,43UM7100PLB,43,1,akdenizavm,7849.0
LG,49NANO816NA,49,1,akdenizavm,9813.09
Philips,65PUS7805/62,65,1,akdenizavm,15498.0
LG,75NANO916PA,75,1,arslangroup,27999.0
Toshiba,43UL2063DT,43,1,eniyiürünlerr,6299.0
Saba,SB85351,85,1,arslangroup,26999.0
Philips,58PUS8505/62,58,1,akdenizavm,14098.0
TCL,50P725,50,1,DECIDE,9799.0
Navigold,NG-1930,19,0,otosesmarket,1850.0
LG,NanoCell,50,1,akdenizavm,12440.0
LG,49SM8000PLA,49,1,akdenizavm,9999.0
LG,43NANO796NE.APDZ,43,1,akdenizavm,9999.0
Samsung,QE50QN90,50,1,SamsungTürkiye,18736.0
TCL,50C725,50,1,DECIDE,10399.0
TCL,55C725,55,1,DECIDE,13299.0
Samsung,QE65Q70A,65,1,SevraDTM,21099.99
LG,49UM7100PLB,49,1,akdenizavm,10099.0
Philips,50PUS6704/62,50,1,akdenizavm,9499.0
Philips,58PUS8506,58,1,eniyiürünlerr,12599.0
Altus,AL50L,50,1,arslangroup,5949.0
Samsung,UE50AU7000,50,1,bembeyaz,9478.0
Philips,50PUS7303,50,1,akdenizavm,9999.0
Samsung,UE75AU7100,75,1,SamsungTürkiye,19473.0
Nordmende,NM43250,43,1,ensmobilya01,4599.0
Altus,AL55,55,1,arslangroup,6499.0
LG,43UN74006LB,43,1,akdenizavm,7449.0
LG,70UN71006LA,70,1,akdenizavm,18899.0
Philips,43PFS5503,43,0,akdenizavm,5570.0
Samsung,UE32T5300,32,1,arslangroup,4299.0
Samsung,UE50AU7000,50,1,SamsungTürkiye,10521.28
Altus,AL50,50,1,arslangroup,5849.0
Samsung,UE40T5300,40,1,SamsungTürkiye,6299.0
Samsung,QE65Q67A,65,1,SamsungTürkiye,19399.0
Awox,U3900STR,39,0,AWOXTürkiye,3460.8
Nordmende,NM50F351,50,1,silverteknoloji,5760.0
Vestel,55U9600,55,1,Zirve-Vestel-YOB,7878.26
Telefunken,32TH4020,32,0,GaleriBeyaz,2799.0
Vestel,58U9500,58,1,Zirve-Vestel-YOB,8372.34
Vestel,43UA9600,43,1,Zirve-Vestel-YOB,6198.0
Samsung,UE32T5300,32,1,BiggShop,4619.0
LG,50NANO796NE,50,1,AYYILDIZ-GSM,11499.0
Vestel,43U9600,43,1,AYYILDIZ-GSM,6499.0
Samsung,UE50AU8000,50,1,AYYILDIZ-GSM,9599.0
Sunny,SN43DAL13-TNR,43,1,birnumara,6464.75
Onvo,OV43F250,43,1,silverteknoloji,4295.99
Samsung,UE75AU7100,75,1,netteenucuz,18199.0
Telefunken,50TU9060UA,50,1,GaleriBeyaz,7199.0
Samsung,UE50AU8000,50,1,GaleriBeyaz,9969.0
LG,43UP77006LB,43,1,birnumara,9898.5
Sunny,SN32DAL04,32,0,birnumara,3306.8
Hi-Level,HL43DLK13,43,1,silverteknoloji,4585.0
Samsung,UE40T5300,40,1,GaleriBeyaz,6099.0
Samsung,UE43AU8000,43,1,GaleriBeyaz,8999.0
Vestel,55UA9600,55,1,Zirve-Vestel-YOB,8230.04
Vestel,55U9500,55,1,Zirve-Vestel-YOB,7925.55
ELTON,EL43DAB13,43,1,YıldızMarkt,3399.0
Samsung,UE50AU9000,50,1,GaleriBeyaz,11299.0
Vestel,55U9700,55,1,Zirve-Vestel-YOB,8749.0
Vestel,50U9600,50,1,Zirve-Vestel-YOB,7061.87
Onvo,OV32F150,32,1,akcamarkt,2990.0
LG,OLED55B16LA,55,1,GaleriBeyaz,17499.0
Onvo,OV50350,50,1,BiggShop,6349.0
LG,55UP75006LF,55,1,birnumara,15665.21
Vestel,32H8401,32,0,Zirve-Vestel-YOB,2740.08
Vestel,55U9510,55,1,AYYILDIZ-GSM,7899.0
Vestel,43U9700,43,1,Zirve-Vestel-YOB,6304.35
Vestel,39H9510,39,1,Zirve-Vestel-YOB,4359.87
LG,OLED65B16LA,65,1,GaleriBeyaz,30299.0
Samsung,UE43TU8500,43,1,GaleriBeyaz,9144.0
Saba,SB32100,32,0,cenur,2282.23
Altus,AL-32,32,1,cenur,3425.0
Vestel,32H8500,32,0,cenur,2835.0
Regal,43R654FA9,43,1,Vizyona,5489.0
Regal,32R602H,32,0,Vizyona,2720.34
Regal,65R754U,65,1,Vizyona,9599.0
Onvo,OV32150,32,1,cenur,2505.0
Onvo,OV39150,39,1,cenur,3018.0
Regal,65R754UA9,65,1,Vizyona,11089.0
Regal,42R654FC,42,1,Vizyona,4939.0
Saba,SB58F350,58,1,cenur,6690.0
Awox,B206500S,65,1,cenur,6079.5
Vestel,75U9520,75,1,Selcan-Vestel-YOB,16999.0
Vestel,55U9510,55,1,Selcan-Vestel-YOB,9211.02
Vestel,22F8510P,22,0,Selcan-Vestel-YOB,2749.0
LG,50UP77006LB,50,1,TORAMANLG,10132.5
Awox,AWX,24,0,özdoğan,2185.0
Vestel,58UA9600,58,1,Selcan-Vestel-YOB,10699.0
Vestel,55UA9600,55,1,Selcan-Vestel-YOB,9799.0
Vestel,65U9700,65,1,Selcan-Vestel-YOB,12949.0
LG,50NANO866PA,50,1,TORAMANLG,13449.0
Vestel,39H9400,39,1,Selcan-Vestel-YOB,5099.0
Sunny,SN39DAL13/0216,39,1,özdoğan,4000.0
Vestel,50U9700,50,1,Selcan-Vestel-YOB,9199.0
Vestel,65Q9900,65,1,Selcan-Vestel-YOB,14699.0
Sunny,SN49DAL08,49,0,titizev,4499.9
Telefox,39TD3900,39,0,D108,2510.93
Vestel,43U9510,43,1,Selcan-Vestel-YOB,6699.0
Vestel,75U9500,75,1,Selcan-Vestel-YOB,16899.0
LG,50UP81006LA,50,1,TORAMANLG,10000.0
Vestel,55Q9900,55,1,Selcan-Vestel-YOB,10199.0
Vestel,55U9501,55,1,Gunyol-Vestel-YOB,7780.0
Vestel,55U9500,55,1,Simport-Vestel-YOB,6722.25
Vestel,65U9700,65,1,Simport-Vestel-YOB,10687.38
Vestel,39H9510,39,1,Simport-Vestel-YOB,4341.54
Vestel,65Q9900,65,1,Simport-Vestel-YOB,13895.04
Techwood,39TEC600,39,0,can35,2950.0
Vestel,43U9600,43,1,Simport-Vestel-YOB,5845.0
Onvo,OV50350,50,1,atstabletbilgisayar,5399.0
Regal,39R653H,39,1,REGALcimÖZKAN,4750.0
Vestel,32H9600,32,1,Simport-Vestel-YOB,3275.0
Philips,50PUS8506,50,1,aymetdtm,10615.0
Saba,SB42251,42,1,aymetdtm,3743.04
Regal,50R754U,50,1,REGALcimÖZKAN,6750.0
Regal,43R654F,43,1,REGALcimÖZKAN,5750.0
Samsung,UE43AU8000,43,1,aymetdtm,8329.02
Vestel,22F8510B,22,0,Simport-Vestel-YOB,2411.54
Vestel,43Q9900,43,1,Simport-Vestel-YOB,7912.04
Vestel,70U9600,70,1,Simport-Vestel-YOB,12499.0
Onvo,OV39100,39,0,aymetdtm,2975.04
Telefox,55TFH5510,55,1,aymetdtm,5899.0
Vestel,43U9510,43,1,Simport-Vestel-YOB,5146.5
Onvo,OV32150,32,1,aymetdtm,2594.89
Regal,32R4020HA,32,0,REGALcimÖZKAN,2950.0
Vestel,22F8510K,22,0,Simport-Vestel-YOB,2309.25
Vestel,55O9900,55,1,Simport-Vestel-YOB,18689.0
Vestel,50U9700,50,1,Simport-Vestel-YOB,7999.0
Onvo,OV39150,39,1,atstabletbilgisayar,3199.0
Vestel,43F8600,43,0,Simport-Vestel-YOB,4101.73
Saba,SB32F152,32,1,aymetdtm,2687.04
Techwood,32TEC600,32,0,aymetdtm,2398.0
Onvo,OV58350,58,1,atstabletbilgisayar,6699.0
Vestel,65O9900,65,1,Simport-Vestel-YOB,25499.0
Vestel,49UA9800,49,1,Simport-Vestel-YOB,7452.7
Blaupunkt,BL40335,40,1,aymetdtm,4459.0
Vestel,50Q9900,50,1,Simport-Vestel-YOB,8674.39
Vestel,22F8510P,22,0,Simport-Vestel-YOB,2411.54
Vestel,58UA9600,58,1,Simport-Vestel-YOB,8929.15
Vestel,50U9510,50,1,Gunyol-Vestel-YOB,7329.0
Altus,AL55,55,1,aymetdtm,6999.0
Vestel,43U9700,43,1,Simport-Vestel-YOB,6208.81
Vestel,43F9600,43,1,Simport-Vestel-YOB,5403.04
Nordmende,NM32F151,32,1,aymetdtm,2645.02
Saba,SB43250,43,1,aymetdtm,3859.04
Nordmende,NM32150,32,1,aymetdtm,2699.0
Sunny,SN39DAL13/0216,39,1,İndirSepete1,3229.0
Sunny,SN43DAL13-TNR,43,1,İndirSepete1,3875.0
Vestel,32H8500,32,0,Güneş-Vestel-YOB,3250.0
Vestel,32H9510,32,1,Efegaz-Vestel-YOB,4058.0
Vestel,32H9600,32,1,Efegaz-Vestel-YOB,3263.2
Vestel,32FA9500,32,1,Efegaz-Vestel-YOB,4637.0
Vestel,50UA9600,50,1,Gunyol-Vestel-YOB,6649.0
Vestel,32H8501,32,0,Elmacioglu-VestelYOB,2889.0
Vestel,22F8510,22,0,Elmacioglu-VestelYOB,2359.0
Vestel,58U9510,58,1,Elmacioglu-VestelYOB,8833.0
Vestel,58UA9600,58,1,Elmacioglu-VestelYOB,9785.0
Finlux,32FX420H,32,0,hirdavatimnet,3256.64
Vestel,43U9510,43,1,Elmacioglu-VestelYOB,5825.0
Vestel,55UA9800,55,1,Elmacioglu-VestelYOB,8916.0
Vestel,65U9510,65,1,ANKRATOPTAN,9022.75
Sunny,SN32DIL04,32,0,teknolojist,2799.0
Techwood,32TEC600,32,0,teknolojist,2399.0
Next,YE-32020KT,32,0,Başak-Elektronik,2799.0
Vestel,50U9700,50,1,Elmacioglu-VestelYOB,7999.0
Onvo,OV32100,32,0,teknolojist,2399.0
Vestel,50U9600,50,1,Elmacioglu-VestelYOB,7079.0
Vestel,55U9500,55,1,Elmacioglu-VestelYOB,7999.0
Sunny,SN32DIL04,32,0,evemağaza,2375.0
Sunny,SN32DAL04,32,0,teknolojist,2799.0
Techwood,39TEC600,39,0,teknolojist,3199.0
Regal,43R654FC,43,1,teknolojist,4999.0
Vestel,49UA9800,49,1,Elmacioglu-VestelYOB,7835.0
Samsung,UE50AU7200,50,1,FİXELEKTRONİK,9598.08
Vestel,43F8500,43,0,Elmacioglu-VestelYOB,4727.54
Regal,43R654FC,43,1,BUHARASANAL,4539.0
Vestel,58U9500,58,1,Elmacioglu-VestelYOB,8805.0
Awox,B203900S,39,1,teknolojist,3666.04
Vestel,65U9500,65,1,Elmacioglu-VestelYOB,10421.04
LG,OLED48A16LA,48,1,cepmarketin,14249.05
Vestel,55UA9600,55,1,Elmacioglu-VestelYOB,8332.0
Sunny,SN39DAL13/0216,39,1,FİXELEKTRONİK,3047.47
Vestel,55U9600,55,1,Elmacioglu-VestelYOB,8165.0
Vestel,43U9600,43,1,Elmacioglu-VestelYOB,5910.0
Saba,SB43250,43,1,DeponOnline,4779.0
Saba,SB50F352,50,1,DeponOnline,6469.0
Axen,AX50LEDJ203,50,1,kuzeyiletişim20,5049.0
Saba,SB32100,32,0,DeponOnline,2759.0
Saba,SB32F152,32,1,DeponOnline,3099.0
Samsung,UE75AU8000,75,1,TEKNOSPORT,17299.0
Toshiba,58UA3A63DT,58,1,MyElektronik2021,7899.0
Nordmende,NM50351,50,1,DijiSepet,5306.54
Vestel,65U9500,65,1,YÖNAVM,9842.04
Vestel,55UA9600,55,1,YÖNAVM,8539.29
Skytech,ST-5090,50,1,DijiSepet,5900.0
Vestel,43F9510,43,1,YÖNAVM,5210.04
Vestel,32FA9500,32,1,YÖNAVM,3569.54
Skytech,SLT-3230,32,0,ALPASLANDTM,2772.5
Skytech,SST-3250C,32,0,ALPASLANDTM,3231.3
Vestel,58UA9600,58,1,YÖNAVM,9166.54
Vestel,39H9510,39,1,YÖNAVM,4389.79
Profilo,24PA200E,24,0,GüvenDtm,2763.0
Vestel,55U9500,55,1,VestelKurumsalMağaza,7839.02
Vestel,32H8501,32,0,VestelKurumsalMağaza,3249.0
Regal,55R857UQ,55,1,RegalKurumsalMağaza,9249.0
Vestel,55Q9900,55,1,VestelKurumsalMağaza,11759.02
Vestel,55U9700,55,1,VestelKurumsalMağaza,10599.0
Regal,50R753U,50,1,RegalKurumsalMağaza,6467.02
Regal,42R654FC,42,1,RegalKurumsalMağaza,4949.0
Vestel,32H8600,32,0,VestelKurumsalMağaza,3449.0
Regal,55R858U,55,1,RegalKurumsalMağaza,8499.0
Regal,39R603H,39,0,RegalKurumsalMağaza,4429.0
Regal,43R604F,43,0,RegalKurumsalMağaza,4466.99
Vestel,65U9500,65,1,VestelKurumsalMağaza,11549.0
Vestel,22F8500L,22,0,VestelKurumsalMağaza,2799.0
Vestel,43UA9800,43,1,VestelKurumsalMağaza,7381.29
Regal,55R753U,55,1,RegalKurumsalMağaza,7839.02
Vestel,43Q9900,43,1,VestelKurumsalMağaza,8973.54
Vestel,43F9510,43,1,VestelKurumsalMağaza,6049.0
Vestel,55UA9600,55,1,VestelKurumsalMağaza,8329.02
Vestel,24H8510,24,0,VestelKurumsalMağaza,2743.02
